name,files,translate_exit,report_lines,pg_names,wv2_exit,wv2_error
abb,2,0,7,"24 parser rules; 7 token rules; 2 skip rules; 40 literals emitted",0,""
abnf,1,0,6,"11 parser rules; 5 token rules; 2 skip rules; 7 literals emitted",0,""
acme,1,0,4,"277 parser rules; 6 token rules; 2 skip rules; 95 literals emitted",0,""
action,1,0,9,"95 parser rules; 9 token rules; 1 skip rules; 35 literals emitted",0,""
agc,1,0,4,"39 parser rules; 6 token rules; 0 skip rules; 190 literals emitted",0,""
alef,1,0,2,"65 parser rules; 4 token rules; 0 skip rules; 94 literals emitted",0,""
algol60,1,0,25,"89 parser rules; 22 token rules; 2 skip rules; 40 literals emitted",1,"Cannot find symbol: 'algol60__parse_String' in /tmp/sweep_work/algol60_.compile.w:3427 "
alloy,1,0,2,"56 parser rules; 2 token rules; 1 skip rules; 69 literals emitted",0,""
alpaca,1,0,3,"34 parser rules; 4 token rules; 1 skip rules; 23 literals emitted",0,""
amazon-states-language,2,0,6,"125 parser rules; 6 token rules; 0 skip rules; 131 literals emitted",0,""
amazon-states-language-intrinsic-functions,2,0,6,"7 parser rules; 6 token rules; 0 skip rules; 26 literals emitted",0,""
angelscript,1,0,12,"113 parser rules; 13 token rules; 1 skip rules; 58 literals emitted",0,""
apex,1,0,13,"184 parser rules; 10 token rules; 4 skip rules; 107 literals emitted",0,""
apt,1,0,8,"27 parser rules; 8 token rules; 0 skip rules; 11 literals emitted",0,""
aql,2,0,5,"71 parser rules; 9 token rules; 2 skip rules; 76 literals emitted",0,""
arden,2,0,72,"238 parser rules; 39 token rules; 3 skip rules; 196 literals emitted",1,"Cannot find symbol: 'arden__parse_TEXTMODECOLON' in /tmp/sweep_work/arden_.compile.w:6371 "
argus,1,0,2,"155 parser rules; 5 token rules; 1 skip rules; 122 literals emitted",0,""
arithmetic,1,0,3,"10 parser rules; 2 token rules; 0 skip rules; 11 literals emitted",0,""
asl,1,0,18,"190 parser rules; 19 token rules; 3 skip rules; 92 literals emitted",0,""
aspectj,2,0,367,"145 parser rules; 45 token rules; 9 skip rules; 133 literals emitted",1,"Cannot find symbol: 'aspectj__parse_classOrInterfaceModifier' in /tmp/sweep_work/aspectj_.compile.w:5038 "
aterm,1,0,2,"12 parser rules; 4 token rules; 0 skip rules; 9 literals emitted",0,""
atl,1,0,4,"154 parser rules; 4 token rules; 3 skip rules; 80 literals emitted",0,""
awk,1,0,6,"76 parser rules; 6 token rules; 2 skip rules; 57 literals emitted",0,""
basic,1,0,5,"140 parser rules; 5 token rules; 0 skip rules; 116 literals emitted",0,""
bcl,1,0,1,"2 parser rules; 0 token rules; 0 skip rules; 3 literals emitted",0,""
bcpl,2,0,8,"161 parser rules; 9 token rules; 1 skip rules; 121 literals emitted",0,""
b,1,0,1,"38 parser rules; 4 token rules; 1 skip rules; 38 literals emitted",0,""
bdf,1,0,2,"50 parser rules; 2 token rules; 0 skip rules; 49 literals emitted",0,""
bencoding,2,0,5,"7 parser rules; 2 token rules; 0 skip rules; 4 literals emitted",1,"Cannot find symbol: 'bencoding__parse_STRING' in /tmp/sweep_work/bencoding_.compile.w:261 "
bibcode,1,0,3,"20 parser rules; 3 token rules; 0 skip rules; 1 literals emitted",0,""
bibtex,2,0,18,"18 parser rules; 16 token rules; 2 skip rules; 8 literals emitted",0,""
bicep,1,0,6,"75 parser rules; 9 token rules; 3 skip rules; 53 literals emitted",0,""
bison,2,0,27,"42 parser rules; 19 token rules; 3 skip rules; 48 literals emitted",1,"Cannot find symbol: 'bison__parse_PROLOGUE' in /tmp/sweep_work/bison_.compile.w:3101 "
blueprint,1,0,4,"32 parser rules; 4 token rules; 2 skip rules; 16 literals emitted",0,""
bnf,2,0,4,"17 parser rules; 7 token rules; 0 skip rules; 9 literals emitted",0,""
calculator,1,0,4,"18 parser rules; 3 token rules; 0 skip rules; 23 literals emitted",0,""
callable,1,0,4,"6 parser rules; 5 token rules; 0 skip rules; 3 literals emitted",0,""
capnproto,1,0,7,"51 parser rules; 8 token rules; 1 skip rules; 29 literals emitted",0,""
caql,1,0,8,"44 parser rules; 7 token rules; 0 skip rules; 36 literals emitted",0,""
cayenne,1,0,1,"13 parser rules; 1 token rules; 0 skip rules; 20 literals emitted",0,""
c,2,0,17,"185 parser rules; 16 token rules; 6 skip rules; 124 literals emitted",0,""
chip8,1,0,5,"37 parser rules; 4 token rules; 0 skip rules; 33 literals emitted",0,""
clf,1,0,5,"13 parser rules; 7 token rules; 0 skip rules; 3 literals emitted",0,""
clif,1,0,5,"27 parser rules; 5 token rules; 3 skip rules; 20 literals emitted",0,""
clojure,1,0,13,"42 parser rules; 13 token rules; 1 skip rules; 21 literals emitted",0,""
clu,1,0,2,"90 parser rules; 4 token rules; 1 skip rules; 87 literals emitted",0,""
cmake,1,0,6,"6 parser rules; 5 token rules; 3 skip rules; 2 literals emitted",0,""
cobol85,1,0,536,"908 parser rules; 533 token rules; 3 skip rules; 29 literals emitted",0,""
codeql,2,0,4,"165 parser rules; 7 token rules; 3 skip rules; 101 literals emitted",0,""
cookie,1,0,2,"11 parser rules; 3 token rules; 0 skip rules; 2 literals emitted",0,""
corundum,1,0,10,"113 parser rules; 10 token rules; 3 skip rules; 47 literals emitted",0,""
cpp,2,0,22,"283 parser rules; 21 token rules; 5 skip rules; 119 literals emitted",0,""
cql3,2,0,9,"401 parser rules; 8 token rules; 3 skip rules; 166 literals emitted",0,""
cql,1,0,2,"26 parser rules; 2 token rules; 0 skip rules; 15 literals emitted",0,""
creole,1,0,4,"22 parser rules; 4 token rules; 0 skip rules; 13 literals emitted",0,""
css3,2,0,31,"144 parser rules; 34 token rules; 0 skip rules; 30 literals emitted",0,""
csv,1,0,0,"5 parser rules; 2 token rules; 0 skip rules; 3 literals emitted",0,""
ctl,1,0,2,"5 parser rules; 1 token rules; 0 skip rules; 18 literals emitted",0,""
cto,2,0,9,"46 parser rules; 9 token rules; 3 skip rules; 37 literals emitted",0,""
cypher,2,0,7,"137 parser rules; 8 token rules; 3 skip rules; 88 literals emitted",0,""
d2,1,0,5,"16 parser rules; 5 token rules; 0 skip rules; 10 literals emitted",0,""
dart2,2,0,7,"290 parser rules; 4 token rules; 3 skip rules; 120 literals emitted",1,"Cannot find symbol: 'dart2__parse_SingleLineString' in /tmp/sweep_work/dart2_.compile.w:13488 "
databank,1,0,3,"9 parser rules; 2 token rules; 1 skip rules; 1 literals emitted",0,""
datalog,1,0,2,"14 parser rules; 4 token rules; 1 skip rules; 11 literals emitted",0,""
dcm,1,0,5,"124 parser rules; 4 token rules; 2 skip rules; 34 literals emitted",0,""
dice,2,0,4,"9 parser rules; 4 token rules; 0 skip rules; 2 literals emitted",0,""
dif,1,0,1,"13 parser rules; 2 token rules; 0 skip rules; 8 literals emitted",0,""
doiurl,1,0,2,"13 parser rules; 1 token rules; 0 skip rules; 5 literals emitted",0,""
dot,1,0,4,"26 parser rules; 4 token rules; 3 skip rules; 16 literals emitted",0,""
ebnf,1,0,2,"14 parser rules; 1 token rules; 0 skip rules; 10 literals emitted",0,""
edif300,1,0,2,"1259 parser rules; 3 token rules; 0 skip rules; 666 literals emitted",0,""
edn,1,0,8,"10 parser rules; 9 token rules; 2 skip rules; 10 literals emitted",0,""
eiffel,2,0,28,"237 parser rules; 21 token rules; 2 skip rules; 94 literals emitted",0,""
elixir,2,0,13,"81 parser rules; 16 token rules; 1 skip rules; 82 literals emitted",0,""
erlang,1,0,9,"172 parser rules; 7 token rules; 2 skip rules; 64 literals emitted",0,""
evm-bytecode,2,0,34,"2 parser rules; 33 token rules; 0 skip rules; 125 literals emitted",0,""
fasta,1,0,5,"5 parser rules; 5 token rules; 0 skip rules; 0 literals emitted",0,""
fdo91,1,0,3,"9 parser rules; 4 token rules; 1 skip rules; 4 literals emitted",0,""
fen,1,0,1,"14 parser rules; 1 token rules; 0 skip rules; 23 literals emitted",0,""
flatbuffers,1,0,5,"51 parser rules; 6 token rules; 2 skip rules; 25 literals emitted",0,""
flowmatic,1,0,4,"31 parser rules; 4 token rules; 0 skip rules; 29 literals emitted",0,""
focal,1,0,8,"54 parser rules; 9 token rules; 0 skip rules; 31 literals emitted",0,""
fol,1,0,3,"12 parser rules; 2 token rules; 1 skip rules; 15 literals emitted",0,""
fusion-tables,1,0,7,"81 parser rules; 6 token rules; 3 skip rules; 69 literals emitted",0,""
gdscript,2,0,13,"95 parser rules; 7 token rules; 1 skip rules; 87 literals emitted",1,"Cannot find symbol: 'gdscript__parse_INDENT' in /tmp/sweep_work/gdscript_.compile.w:4228 "
gedcom,1,0,2,"16 parser rules; 3 token rules; 0 skip rules; 16 literals emitted",0,""
geekcode,1,0,3,"13 parser rules; 2 token rules; 0 skip rules; 67 literals emitted",0,""
gff3,1,0,3,"15 parser rules; 4 token rules; 0 skip rules; 3 literals emitted",0,""
glsl,2,0,48,"88 parser rules; 6 token rules; 29 skip rules; 265 literals emitted",0,""
gml,1,0,5,"9 parser rules; 6 token rules; 0 skip rules; 2 literals emitted",0,""
golang,2,0,53,"164 parser rules; 8 token rules; 4 skip rules; 63 literals emitted",1,"Cannot find symbol: 'golang__parse_IDENTIFIER' in /tmp/sweep_work/golang_.compile.w:2715 "
gql,1,0,24,"683 parser rules; 23 token rules; 4 skip rules; 363 literals emitted",0,""
graphql,1,0,7,"75 parser rules; 7 token rules; 2 skip rules; 56 literals emitted",0,""
graphstream-dgs,2,0,9,"32 parser rules; 7 token rules; 0 skip rules; 22 literals emitted",1,"Cannot find symbol: 'graphstream_dgs__parse_COMMENT' in /tmp/sweep_work/graphstream_dgs_.compile.w:1328 "
gtin,1,0,1,"43 parser rules; 0 token rules; 0 skip rules; 11 literals emitted",0,""
guido,1,0,3,"39 parser rules; 3 token rules; 1 skip rules; 29 literals emitted",0,""
guitartab,1,0,2,"6 parser rules; 1 token rules; 0 skip rules; 16 literals emitted",0,""
gvpr,2,0,6,"65 parser rules; 5 token rules; 3 skip rules; 83 literals emitted",0,""
haskell,2,0,14,"501 parser rules; 15 token rules; 2 skip rules; 124 literals emitted",0,""
hexpat,1,0,4,"130 parser rules; 7 token rules; 3 skip rules; 93 literals emitted",0,""
html,2,0,25,"18 parser rules; 10 token rules; 0 skip rules; 5 literals emitted",1,"Cannot find symbol: 'html__parse_ATTVALUE_VALUE' in /tmp/sweep_work/html_.compile.w:1879 "
http,1,0,3,"35 parser rules; 4 token rules; 0 skip rules; 29 literals emitted",0,""
hypertalk,1,0,9,"113 parser rules; 9 token rules; 3 skip rules; 332 literals emitted",0,""
icalendar,1,0,31,"451 parser rules; 35 token rules; 1 skip rules; 42 literals emitted",0,""
icon,1,0,2,"57 parser rules; 4 token rules; 0 skip rules; 76 literals emitted",0,""
idl,1,0,10,"249 parser rules; 11 token rules; 3 skip rules; 102 literals emitted",0,""
inf,1,0,3,"9 parser rules; 3 token rules; 1 skip rules; 4 literals emitted",0,""
informix,1,0,330,"518 parser rules; 318 token rules; 2 skip rules; 19 literals emitted",1,"Cannot find symbol: 'informix__parse_CHARACTER' in /tmp/sweep_work/informix_.compile.w:25937 "
infosapient,1,0,1,"27 parser rules; 2 token rules; 0 skip rules; 47 literals emitted",0,""
iri,1,0,28,"98 parser rules; 28 token rules; 0 skip rules; 35 literals emitted",0,""
iso8601,1,0,12,"117 parser rules; 12 token rules; 0 skip rules; 4 literals emitted",0,""
istc,1,0,3,"5 parser rules; 2 token rules; 0 skip rules; 2 literals emitted",0,""
itn,1,0,2,"6 parser rules; 2 token rules; 0 skip rules; 1 literals emitted",0,""
jam,1,0,2,"19 parser rules; 2 token rules; 1 skip rules; 18 literals emitted",0,""
janus,1,0,3,"22 parser rules; 3 token rules; 1 skip rules; 24 literals emitted",0,""
javacc,1,0,15,"295 parser rules; 16 token rules; 3 skip rules; 121 literals emitted",0,""
javadoc,2,0,6,"26 parser rules; 6 token rules; 0 skip rules; 6 literals emitted",0,""
joss,1,0,15,"72 parser rules; 15 token rules; 0 skip rules; 59 literals emitted",0,""
jpa,1,0,6,"170 parser rules; 4 token rules; 0 skip rules; 77 literals emitted",1,"Cannot find symbol: 'jpa__parse_TRIM_CHARACTER' in /tmp/sweep_work/jpa_.compile.w:7288 "
json5,1,0,8,"10 parser rules; 6 token rules; 3 skip rules; 6 literals emitted",0,""
json,1,0,2,"7 parser rules; 2 token rules; 0 skip rules; 9 literals emitted",0,""
karel,1,0,3,"11 parser rules; 3 token rules; 0 skip rules; 40 literals emitted",0,""
kirikiri-tjs,2,0,16,"70 parser rules; 13 token rules; 4 skip rules; 100 literals emitted",0,""
kquery,1,0,12,"48 parser rules; 10 token rules; 3 skip rules; 57 literals emitted",0,""
kuka,1,0,85,"129 parser rules; 84 token rules; 3 skip rules; 23 literals emitted",0,""
lambda,1,0,1,"5 parser rules; 1 token rules; 0 skip rules; 4 literals emitted",0,""
langium,2,0,5,"127 parser rules; 3 token rules; 2 skip rules; 49 literals emitted",1,"Cannot find symbol: 'langium__parse_RegexLiteral' in /tmp/sweep_work/langium_.compile.w:5235 "
lark,2,0,7,"30 parser rules; 6 token rules; 3 skip rules; 17 literals emitted",0,""
lcc,1,0,2,"12 parser rules; 2 token rules; 0 skip rules; 2 literals emitted",0,""
less,2,0,36,"56 parser rules; 10 token rules; 3 skip rules; 126 literals emitted",1,"Cannot find symbol: 'less__parse_Identifier' in /tmp/sweep_work/less_.compile.w:6250 "
limbo,1,0,6,"67 parser rules; 7 token rules; 1 skip rules; 53 literals emitted",0,""
lisa,1,0,2,"41 parser rules; 3 token rules; 1 skip rules; 43 literals emitted",0,""
lisp,1,0,2,"3 parser rules; 1 token rules; 0 skip rules; 3 literals emitted",0,""
llvm-ir,1,0,22,"602 parser rules; 21 token rules; 1 skip rules; 487 literals emitted",0,""
lpc,1,0,14,"78 parser rules; 14 token rules; 6 skip rules; 60 literals emitted",0,""
lrc,2,0,3,"2 parser rules; 4 token rules; 0 skip rules; 2 literals emitted",0,""
ltl,1,0,2,"5 parser rules; 1 token rules; 0 skip rules; 14 literals emitted",0,""
lua,2,0,6,"59 parser rules; 8 token rules; 2 skip rules; 56 literals emitted",0,""
lucene,2,0,19,"33 parser rules; 20 token rules; 3 skip rules; 29 literals emitted",0,""
maml,1,0,5,"11 parser rules; 5 token rules; 1 skip rules; 9 literals emitted",0,""
matlab,1,0,2,"35 parser rules; 4 token rules; 0 skip rules; 40 literals emitted",0,""
mckeeman-form,1,0,3,"10 parser rules; 4 token rules; 0 skip rules; 5 literals emitted",0,""
mdx,1,0,5,"80 parser rules; 6 token rules; 1 skip rules; 48 literals emitted",0,""
memcached_protocol,1,0,2,"45 parser rules; 3 token rules; 1 skip rules; 31 literals emitted",0,""
metamath,1,0,5,"25 parser rules; 3 token rules; 2 skip rules; 16 literals emitted",0,""
metric,1,0,1,"11 parser rules; 1 token rules; 0 skip rules; 46 literals emitted",0,""
microc,1,0,2,"14 parser rules; 2 token rules; 0 skip rules; 12 literals emitted",0,""
modelica,1,0,3,"200 parser rules; 3 token rules; 2 skip rules; 88 literals emitted",0,""
modula2pim4,1,0,9,"129 parser rules; 8 token rules; 1 skip rules; 67 literals emitted",0,""
molecule,1,0,2,"10 parser rules; 2 token rules; 0 skip rules; 5 literals emitted",0,""
moo,1,0,4,"67 parser rules; 6 token rules; 1 skip rules; 60 literals emitted",0,""
morsecode,1,0,1,"39 parser rules; 0 token rules; 0 skip rules; 3 literals emitted",0,""
mps,1,0,6,"28 parser rules; 4 token rules; 2 skip rules; 11 literals emitted",0,""
muddb,1,0,3,"21 parser rules; 3 token rules; 0 skip rules; 1 literals emitted",0,""
mumath,1,0,4,"43 parser rules; 4 token rules; 2 skip rules; 32 literals emitted",0,""
mumps,1,0,29,"58 parser rules; 30 token rules; 1 skip rules; 29 literals emitted",0,""
muparser,1,0,4,"12 parser rules; 5 token rules; 0 skip rules; 28 literals emitted",0,""
newick,1,0,1,"15 parser rules; 2 token rules; 0 skip rules; 5 literals emitted",0,""
oberon,1,0,6,"101 parser rules; 5 token rules; 1 skip rules; 61 literals emitted",0,""
objc,2,0,35,"282 parser rules; 16 token rules; 18 skip rules; 188 literals emitted",1,"Cannot find symbol: 'objc__parse_STRING_START' in /tmp/sweep_work/objc_.compile.w:16600 "
ocl,1,0,5,"68 parser rules; 7 token rules; 2 skip rules; 118 literals emitted",0,""
odin,1,0,6,"142 parser rules; 7 token rules; 3 skip rules; 148 literals emitted",0,""
oncrpc,2,0,3,"30 parser rules; 4 token rules; 1 skip rules; 33 literals emitted",0,""
orwell,1,0,8,"98 parser rules; 9 token rules; 0 skip rules; 25 literals emitted",0,""
parkingsign,1,0,8,"52 parser rules; 8 token rules; 1 skip rules; 44 literals emitted",0,""
pascal,1,0,5,"136 parser rules; 4 token rules; 2 skip rules; 73 literals emitted",0,""
pbm,1,0,2,"7 parser rules; 2 token rules; 1 skip rules; 2 literals emitted",0,""
pcre,1,0,0,"92 parser rules; 5 token rules; 0 skip rules; 89 literals emitted",0,""
p,1,0,1,"4 parser rules; 0 token rules; 0 skip rules; 4 literals emitted",0,""
pddl,1,0,5,"92 parser rules; 4 token rules; 2 skip rules; 107 literals emitted",0,""
pdn,1,0,4,"14 parser rules; 5 token rules; 1 skip rules; 7 literals emitted",0,""
pegen,2,0,14,"29 parser rules; 4 token rules; 1 skip rules; 55 literals emitted",1,"Cannot find symbol: 'pegen__parse_ACTION' in /tmp/sweep_work/pegen_.compile.w:2473 "
peoplecode,1,0,10,"63 parser rules; 7 token rules; 4 skip rules; 71 literals emitted",0,""
pest,2,0,13,"28 parser rules; 11 token rules; 1 skip rules; 23 literals emitted",0,""
pf,1,0,5,"247 parser rules; 6 token rules; 1 skip rules; 205 literals emitted",0,""
pgn,1,0,7,"15 parser rules; 6 token rules; 3 skip rules; 11 literals emitted",0,""
php,2,0,72,"241 parser rules; 40 token rules; 3 skip rules; 184 literals emitted",1,"Cannot find symbol: 'php__parse_HtmlStartQuoteString' in /tmp/sweep_work/php_.compile.w:5848 "
pii,1,0,1,"7 parser rules; 1 token rules; 0 skip rules; 6 literals emitted",0,""
pike,1,0,4,"92 parser rules; 5 token rules; 0 skip rules; 88 literals emitted",0,""
pl0,1,0,13,"30 parser rules; 14 token rules; 0 skip rules; 18 literals emitted",0,""
plantUML,2,0,13,"28 parser rules; 13 token rules; 2 skip rules; 34 literals emitted",1,"Cannot find symbol: 'plantUML__parse_BODY_OPEN' in /tmp/sweep_work/plantUML_.compile.w:1629 "
plucid,1,0,18,"46 parser rules; 18 token rules; 0 skip rules; 36 literals emitted",0,""
ply,1,0,3,"17 parser rules; 3 token rules; 1 skip rules; 18 literals emitted",0,""
pmmn,1,0,2,"6 parser rules; 1 token rules; 0 skip rules; 10 literals emitted",0,""
postalcode,1,0,2,"1 parser rules; 2 token rules; 0 skip rules; 0 literals emitted",0,""
powerbuilder,2,0,7,"270 parser rules; 7 token rules; 4 skip rules; 152 literals emitted",0,""
powerbuilderdw,2,0,11,"49 parser rules; 12 token rules; 3 skip rules; 139 literals emitted",0,""
powerquery,2,0,10,"101 parser rules; 7 token rules; 2 skip rules; 61 literals emitted",0,""
prolog,1,0,12,"11 parser rules; 12 token rules; 1 skip rules; 51 literals emitted",0,""
promql,2,0,9,"53 parser rules; 9 token rules; 1 skip rules; 34 literals emitted",0,""
propcalc,1,0,2,"11 parser rules; 1 token rules; 0 skip rules; 10 literals emitted",0,""
properties,2,0,8,"7 parser rules; 4 token rules; 0 skip rules; 1 literals emitted",1,"Cannot find symbol: 'properties__parse_DELIMITER' in /tmp/sweep_work/properties_.compile.w:358 "
prov-n,1,0,10,"85 parser rules; 12 token rules; 3 skip rules; 37 literals emitted",0,""
qif,2,0,6,"15 parser rules; 7 token rules; 0 skip rules; 11 literals emitted",0,""
quakemap,1,0,2,"9 parser rules; 3 token rules; 0 skip rules; 4 literals emitted",0,""
racket-bsl,1,0,9,"11 parser rules; 7 token rules; 3 skip rules; 20 literals emitted",0,""
racket-isl,1,0,9,"18 parser rules; 7 token rules; 3 skip rules; 37 literals emitted",0,""
rcs,1,0,4,"44 parser rules; 4 token rules; 1 skip rules; 22 literals emitted",0,""
r,1,0,17,"14 parser rules; 17 token rules; 1 skip rules; 33 literals emitted",0,""
recfile,1,0,2,"9 parser rules; 2 token rules; 1 skip rules; 3 literals emitted",0,""
redcode,1,0,2,"12 parser rules; 3 token rules; 0 skip rules; 32 literals emitted",0,""
redis,2,0,5,"193 parser rules; 5 token rules; 0 skip rules; 182 literals emitted",0,""
refal,1,0,4,"30 parser rules; 5 token rules; 2 skip rules; 16 literals emitted",0,""
rego,2,0,11,"59 parser rules; 9 token rules; 0 skip rules; 21 literals emitted",0,""
restructuredtext,1,0,8,"83 parser rules; 20 token rules; 0 skip rules; 20 literals emitted",0,""
rexx,2,0,104,"127 parser rules; 101 token rules; 1 skip rules; 0 literals emitted",0,""
rfc1035,1,0,5,"4 parser rules; 6 token rules; 0 skip rules; 2 literals emitted",0,""
rfc1960,1,0,1,"18 parser rules; 1 token rules; 0 skip rules; 11 literals emitted",0,""
rfc3080,1,0,1,"16 parser rules; 3 token rules; 0 skip rules; 8 literals emitted",0,""
robotwars,1,0,3,"29 parser rules; 4 token rules; 0 skip rules; 50 literals emitted",0,""
romannumerals,1,0,1,"11 parser rules; 0 token rules; 0 skip rules; 19 literals emitted",0,""
ron,1,0,5,"17 parser rules; 7 token rules; 2 skip rules; 8 literals emitted",0,""
rpn,1,0,3,"6 parser rules; 2 token rules; 0 skip rules; 14 literals emitted",0,""
ruleworks,1,0,9,"202 parser rules; 9 token rules; 2 skip rules; 167 literals emitted",0,""
rust,2,0,23,"306 parser rules; 15 token rules; 6 skip rules; 105 literals emitted",0,""
sapf,1,0,3,"25 parser rules; 3 token rules; 1 skip rules; 27 literals emitted",0,""
scotty,1,0,2,"14 parser rules; 2 token rules; 0 skip rules; 9 literals emitted",0,""
scss,2,0,16,"155 parser rules; 17 token rules; 1 skip rules; 76 literals emitted",0,""
sdl,1,0,8,"119 parser rules; 9 token rules; 2 skip rules; 106 literals emitted",0,""
semver,2,0,7,"13 parser rules; 7 token rules; 0 skip rules; 10 literals emitted",0,""
sexpression,1,0,2,"4 parser rules; 3 token rules; 1 skip rules; 3 literals emitted",0,""
sgf,1,0,4,"23 parser rules; 3 token rules; 0 skip rules; 74 literals emitted",0,""
sharc,2,0,6,"223 parser rules; 5 token rules; 2 skip rules; 420 literals emitted",0,""
sici,1,0,2,"16 parser rules; 2 token rules; 0 skip rules; 9 literals emitted",0,""
sieve,1,0,16,"19 parser rules; 13 token rules; 1 skip rules; 12 literals emitted",0,""
smalltalk,1,0,7,"59 parser rules; 11 token rules; 0 skip rules; 21 literals emitted",0,""
smiles,1,0,0,"25 parser rules; 1 token rules; 0 skip rules; 144 literals emitted",0,""
smtlibv2,1,0,7,"95 parser rules; 7 token rules; 1 skip rules; 105 literals emitted",0,""
snobol,1,0,4,"60 parser rules; 7 token rules; 1 skip rules; 47 literals emitted",0,""
solidity,2,0,53,"197 parser rules; 24 token rules; 12 skip rules; 122 literals emitted",1,"Cannot find symbol: 'solidity__parse_PragmaSemicolon' in /tmp/sweep_work/solidity_.compile.w:7394 "
sparql,2,0,26,"95 parser rules; 28 token rules; 0 skip rules; 58 literals emitted",0,""
spass,2,0,4,"90 parser rules; 4 token rules; 0 skip rules; 94 literals emitted",0,""
spl,2,0,9,"25 parser rules; 9 token rules; 2 skip rules; 31 literals emitted",0,""
squirrel,1,0,4,"140 parser rules; 5 token rules; 3 skip rules; 80 literals emitted",0,""
srt,1,0,3,"6 parser rules; 4 token rules; 0 skip rules; 3 literals emitted",0,""
stacktrace,1,0,5,"25 parser rules; 6 token rules; 1 skip rules; 14 literals emitted",0,""
star,1,0,5,"15 parser rules; 6 token rules; 1 skip rules; 3 literals emitted",0,""
stellaris,1,0,3,"12 parser rules; 3 token rules; 2 skip rules; 8 literals emitted",0,""
stl,1,0,3,"6 parser rules; 2 token rules; 0 skip rules; 9 literals emitted",0,""
stringtemplate,2,0,113,"45 parser rules; 4 token rules; 0 skip rules; 6 literals emitted",1,"Cannot find symbol: 'stringtemplate__parse_SEMI' in /tmp/sweep_work/stringtemplate_.compile.w:572 "
suokif,1,0,5,"10 parser rules; 4 token rules; 2 skip rules; 11 literals emitted",0,""
swift-fin,2,0,29,"18 parser rules; 10 token rules; 0 skip rules; 0 literals emitted",1,"Cannot find symbol: 'swift_fin__parse_BLOCK1' in /tmp/sweep_work/swift_fin_.compile.w:750 "
sysml-v2,2,0,2,"762 parser rules; 6 token rules; 1 skip rules; 217 literals emitted",0,""
szf,1,0,2,"7 parser rules; 2 token rules; 1 skip rules; 3 literals emitted",0,""
tcpheader,1,0,1,"12 parser rules; 0 token rules; 0 skip rules; 1 literals emitted",0,""
teal,1,0,6,"81 parser rules; 8 token rules; 4 skip rules; 64 literals emitted",0,""
telephone,1,0,1,"8 parser rules; 1 token rules; 0 skip rules; 4 literals emitted",0,""
terraform,1,0,7,"49 parser rules; 8 token rules; 2 skip rules; 39 literals emitted",0,""
thrift,1,0,6,"50 parser rules; 5 token rules; 3 skip rules; 45 literals emitted",0,""
tinybasic,1,0,2,"24 parser rules; 4 token rules; 0 skip rules; 20 literals emitted",0,""
tinyc,1,0,2,"9 parser rules; 2 token rules; 0 skip rules; 13 literals emitted",0,""
tiny,1,0,2,"13 parser rules; 2 token rules; 0 skip rules; 8 literals emitted",0,""
tinymud,1,0,3,"84 parser rules; 3 token rules; 0 skip rules; 57 literals emitted",0,""
tinyos_nesc,2,0,3,"125 parser rules; 6 token rules; 3 skip rules; 90 literals emitted",0,""
tl,1,0,2,"3 parser rules; 1 token rules; 0 skip rules; 7 literals emitted",0,""
tnsnames,2,0,32,"122 parser rules; 28 token rules; 2 skip rules; 50 literals emitted",1,"Cannot find symbol: 'tnsnames__parse_I_EQUAL' in /tmp/sweep_work/tnsnames_.compile.w:4887 "
tnt,1,0,1,"8 parser rules; 0 token rules; 0 skip rules; 17 literals emitted",0,""
toml,2,0,63,"31 parser rules; 30 token rules; 3 skip rules; 9 literals emitted",1,"Cannot find symbol: 'toml__parse_ML_BASIC_STRING' in /tmp/sweep_work/toml_.compile.w:4420 "
trac,1,0,2,"12 parser rules; 1 token rules; 0 skip rules; 5 literals emitted",0,""
trapc,2,1,1,"0 parser rules; 0 token rules; 0 skip rules; 0 literals emitted",,""
tsv,1,0,0,"5 parser rules; 3 token rules; 0 skip rules; 1 literals emitted",0,""
ttm,1,0,3,"12 parser rules; 2 token rules; 0 skip rules; 5 literals emitted",0,""
turing,1,0,3,"102 parser rules; 4 token rules; 1 skip rules; 58 literals emitted",0,""
turtle,1,0,27,"23 parser rules; 31 token rules; 2 skip rules; 13 literals emitted",0,""
turtle-doc,1,0,25,"28 parser rules; 27 token rules; 1 skip rules; 13 literals emitted",0,""
unreal_angelscript,2,0,21,"201 parser rules; 17 token rules; 5 skip rules; 102 literals emitted",0,""
upnp,1,0,9,"6 parser rules; 9 token rules; 0 skip rules; 7 literals emitted",0,""
url,1,0,2,"28 parser rules; 4 token rules; 0 skip rules; 11 literals emitted",0,""
useragent,1,0,3,"7 parser rules; 2 token rules; 0 skip rules; 2 literals emitted",0,""
vaxscan,1,0,4,"145 parser rules; 4 token rules; 3 skip rules; 183 literals emitted",0,""
vb6,2,0,19,"335 parser rules; 16 token rules; 2 skip rules; 204 literals emitted",0,""
v,1,1,1,"0 parser rules; 0 token rules; 0 skip rules; 0 literals emitted",,""
velocity,2,0,132,"42 parser rules; 15 token rules; 1 skip rules; 40 literals emitted",1,"Cannot find symbol: 'velocity__parse_ESCAPED_BLOCK' in /tmp/sweep_work/velocity_.compile.w:1513 "
vmf,1,0,2,"7 parser rules; 2 token rules; 0 skip rules; 2 literals emitted",0,""
wat,2,0,19,"84 parser rules; 16 token rules; 1 skip rules; 58 literals emitted",0,""
wavefront,1,0,10,"66 parser rules; 9 token rules; 2 skip rules; 51 literals emitted",0,""
webidl,1,0,6,"113 parser rules; 5 token rules; 1 skip rules; 81 literals emitted",0,""
wkt-crs-v1,1,0,4,"57 parser rules; 6 token rules; 0 skip rules; 32 literals emitted",0,""
wkt,1,0,27,"51 parser rules; 27 token rules; 0 skip rules; 3 literals emitted",0,""
wln,1,0,1,"4 parser rules; 1 token rules; 0 skip rules; 24 literals emitted",0,""
wren,2,0,10,"101 parser rules; 11 token rules; 3 skip rules; 67 literals emitted",0,""
xml,2,0,15,"10 parser rules; 9 token rules; 1 skip rules; 6 literals emitted",1,"Cannot find symbol: 'xml__parse_XMLDeclOpen' in /tmp/sweep_work/xml_.compile.w:1162 "
xsd-regex,2,0,27,"26 parser rules; 16 token rules; 0 skip rules; 14 literals emitted",1,"Cannot find symbol: 'xsd_regex__parse_NestedNegCharGroup' in /tmp/sweep_work/xsd_regex_.compile.w:1862 "
xyz,1,0,2,"6 parser rules; 4 token rules; 0 skip rules; 0 literals emitted",0,""
yara,2,0,42,"56 parser rules; 25 token rules; 14 skip rules; 85 literals emitted",1,"Cannot find symbol: 'yara__parse_ASSIGN_S' in /tmp/sweep_work/yara_.compile.w:5773 "
yini,2,0,23,"27 parser rules; 22 token rules; 2 skip rules; 23 literals emitted",0,""
z,2,0,31,"109 parser rules; 31 token rules; 1 skip rules; 121 literals emitted",0,""
zig,2,0,8,"175 parser rules; 8 token rules; 1 skip rules; 110 literals emitted",0,""
